Fa,Fs,beta,dim,isDynamic,isFock,mass2,massratio,order,rs,spin,Σw,Σw.err,μ,μ.err
-0.0,-0.0,200.0,3,false,false,0.1,1.0,110,2.0,2,0.0,1.6296046974408666e-9,0.6023125003065568,0.0001273070604088821
-0.0,-0.0,200.0,3,false,false,0.1,1.0,200,2.0,2,0.92851603707799,0.0007974032935024681,0.3645700972946963,0.0002862910953554271
-0.0,-0.0,200.0,3,false,false,0.1,1.0,101,2.0,2,0.0,1.6296046974408666e-9,0.08141708765640468,7.81436923189298e-6
-0.0,-0.0,200.0,3,false,false,0.1,1.0,100,2.0,2,0.0,1.6296046974408666e-9,0.38779083146274423,3.3815018837329314e-5
